layer,tokens,time_us
act_fn,1,6.08
act_fn,2,6.80533
act_fn,3,6.848
act_fn,4,6.79467
act_fn,5,6.79433
act_fn,6,6.83733
act_fn,7,6.89
act_fn,8,6.976
act_fn,9,7.05067
act_fn,10,7.008
act_fn,11,7.06133
act_fn,12,7.09267
act_fn,13,7.093
act_fn,14,7.05067
act_fn,15,7.12533
act_fn,16,7.08267
act_fn,20,7.26367
act_fn,24,7.755
act_fn,28,8.17033
act_fn,32,8.73633
act_fn,36,9.312
act_fn,40,9.87733
act_fn,44,10.6777
act_fn,48,11.402
act_fn,52,12.3733
act_fn,56,13.1727
act_fn,60,14.3143
act_fn,64,15.4343
act_fn,80,20.373
act_fn,96,26.3143
act_fn,112,30.1013
act_fn,128,34.816
act_fn,144,36.2237
act_fn,160,40.725
act_fn,176,45.9517
act_fn,192,51.466
act_fn,208,55.4443
act_fn,224,59.8183
act_fn,240,64.0953
act_fn,256,69.2257
act_fn,272,70.879
act_fn,288,75.8497
act_fn,304,80.2767
act_fn,320,84.3407
act_fn,336,88.4153
act_fn,352,93.7377
act_fn,368,98.5483
act_fn,384,102.314
act_fn,400,108.842
act_fn,416,113.097
act_fn,432,118.378
act_fn,448,122.132
act_fn,464,127.316
act_fn,480,130.922
act_fn,496,135.53
act_fn,512,140.074
act_fn,528,145.642
act_fn,544,148.979
act_fn,560,153.503
act_fn,576,158.345
act_fn,592,161.844
act_fn,608,166.804
act_fn,624,171.231
act_fn,640,175.998
act_fn,656,176.105
act_fn,672,180.702
act_fn,688,185.268
act_fn,704,188.863
act_fn,720,194.27
act_fn,736,200.724
act_fn,752,202.185
act_fn,768,207.155
act_fn,784,212.97
act_fn,800,217.961
act_fn,816,222.899
act_fn,832,227.475
act_fn,848,232.19
act_fn,864,235.166
act_fn,880,241.715
act_fn,896,244.521
act_fn,912,244.415
act_fn,928,247.699
act_fn,944,253.213
act_fn,960,256.329
act_fn,976,260.798
act_fn,992,265.257
act_fn,1008,269.598
act_fn,1024,273.982
act_fn,1040,281.512
act_fn,1056,286.078
act_fn,1072,289.203
act_fn,1088,294.963
act_fn,1104,300.082
act_fn,1120,304.637
act_fn,1136,308.008
act_fn,1152,311.965
act_fn,1168,318.024
act_fn,1184,322.013
act_fn,1200,326.002
act_fn,1216,330.248
act_fn,1232,335.528
act_fn,1248,339.965
act_fn,1264,343.986
act_fn,1280,347.656
act_fn,1296,347.442
act_fn,1312,352.008
act_fn,1328,357.277
act_fn,1344,360.286
act_fn,1360,365.736
act_fn,1376,370.237
act_fn,1392,374.834
act_fn,1408,379.602
act_fn,1424,386.078
act_fn,1440,391.41
act_fn,1456,396.113
act_fn,1472,398.536
act_fn,1488,403.548
act_fn,1504,407.89
act_fn,1520,414.961
act_fn,1536,415.943
act_fn,1552,421.681
act_fn,1568,425.948
act_fn,1584,429.702
act_fn,1600,435.313
act_fn,1616,437.713
act_fn,1632,443.771
act_fn,1648,448.721
act_fn,1664,452.187
act_fn,1680,453.019
act_fn,1696,457.456
act_fn,1712,463.376
act_fn,1728,467.248
act_fn,1744,471.173
act_fn,1760,475.557
act_fn,1776,478.267
act_fn,1792,484.027
act_fn,1808,490.885
act_fn,1824,495.183
act_fn,1840,498.778
act_fn,1856,503.962
act_fn,1872,508.548
act_fn,1888,510.97
act_fn,1904,517.467
act_fn,1920,521.583
act_fn,1936,518.778
act_fn,1952,523.962
act_fn,1968,527.962
act_fn,1984,532.41
act_fn,2000,538.074
act_fn,2016,581.988
act_fn,2032,545.018
act_fn,2048,551.088
down_proj,1,461.414
down_proj,2,472.263
down_proj,3,473.457
down_proj,4,473.745
down_proj,5,472.763
down_proj,6,474.086
down_proj,7,474.823
down_proj,8,474.953
down_proj,9,475.888
down_proj,10,475.451
down_proj,11,474.758
down_proj,12,475.771
down_proj,13,475.068
down_proj,14,475.227
down_proj,15,476.08
down_proj,16,476.475
down_proj,20,505.659
down_proj,24,506.099
down_proj,28,501.113
down_proj,32,501.627
down_proj,36,501.851
down_proj,40,502.683
down_proj,44,505.915
down_proj,48,474.288
down_proj,52,473.916
down_proj,56,519.537
down_proj,60,519.835
down_proj,64,532.731
down_proj,80,541.488
down_proj,96,543.579
down_proj,112,546.843
down_proj,128,549.072
down_proj,144,648.964
down_proj,160,584.453
down_proj,176,586.98
down_proj,192,589.499
down_proj,208,591.526
down_proj,224,592.751
down_proj,240,861.378
down_proj,256,594.544
down_proj,272,1254
down_proj,288,1224.93
down_proj,304,1320.89
down_proj,320,1204.2
down_proj,336,751.054
down_proj,352,762.467
down_proj,368,765.614
down_proj,384,768.356
down_proj,400,975.351
down_proj,416,967.863
down_proj,432,967.404
down_proj,448,974.593
down_proj,464,975.106
down_proj,480,976.087
down_proj,496,975.852
down_proj,512,975.554
down_proj,528,1259.71
down_proj,544,1261.12
down_proj,560,1265.08
down_proj,576,1267.24
down_proj,592,1689.14
down_proj,608,1766.65
down_proj,624,1579.13
down_proj,640,1727.12
down_proj,656,1549.9
down_proj,672,1550.95
down_proj,688,1560.49
down_proj,704,1564.64
down_proj,720,1567.94
down_proj,736,1575.67
down_proj,752,1580.35
down_proj,768,1536.8
down_proj,784,2136.48
down_proj,800,2663.52
down_proj,816,2140.95
down_proj,832,2156.41
down_proj,848,2237.52
down_proj,864,1969.08
down_proj,880,2040.25
down_proj,896,1930.39
down_proj,912,2053.98
down_proj,928,2054.87
down_proj,944,2050.96
down_proj,960,2018.73
down_proj,976,2020.82
down_proj,992,2033.76
down_proj,1008,2035.49
down_proj,1024,2039.27
down_proj,1040,2390.65
down_proj,1056,2389.14
down_proj,1072,2389.21
down_proj,1088,2407.08
down_proj,1104,2391.09
down_proj,1120,2395.35
down_proj,1136,2399.15
down_proj,1152,2382.28
down_proj,1168,2626.7
down_proj,1184,2664.35
down_proj,1200,2654.85
down_proj,1216,2668.75
down_proj,1232,2589.67
down_proj,1248,2602
down_proj,1264,2624.98
down_proj,1280,2629.4
down_proj,1296,2711.24
down_proj,1312,2742.14
down_proj,1328,2757.66
down_proj,1344,2790.84
down_proj,1360,2701.59
down_proj,1376,2709.03
down_proj,1392,3038.83
down_proj,1408,3028.2
down_proj,1424,3079.12
down_proj,1440,3033.34
down_proj,1456,3024.45
down_proj,1472,3092.19
down_proj,1488,3031.02
down_proj,1504,3073.23
down_proj,1520,3027.17
down_proj,1536,3022.47
down_proj,1552,3578.39
down_proj,1568,3616.1
down_proj,1584,3641.74
down_proj,1600,3597.06
down_proj,1616,3584.12
down_proj,1632,3627.23
down_proj,1648,3647.75
down_proj,1664,3586.31
down_proj,1680,3628.91
down_proj,1696,3654.07
down_proj,1712,3641.3
down_proj,1728,3637.01
down_proj,1744,3679.71
down_proj,1760,3675.38
down_proj,1776,3678.17
down_proj,1792,3665.46
down_proj,1808,4118.71
down_proj,1824,4113.57
down_proj,1840,3855.92
down_proj,1856,3891.34
down_proj,1872,3890.35
down_proj,1888,3905.45
down_proj,1904,3897.23
down_proj,1920,3908.12
down_proj,1936,4254.41
down_proj,1952,4193.75
down_proj,1968,4221.05
down_proj,1984,4217.59
down_proj,2000,4248.4
down_proj,2016,4100.55
down_proj,2032,4208.11
down_proj,2048,4242.53
embedding,1,4.29867
embedding,2,4.544
embedding,3,4.77867
embedding,4,5.067
embedding,5,5.41867
embedding,6,5.68533
embedding,7,5.88833
embedding,8,6.01633
embedding,9,6.51733
embedding,10,6.77333
embedding,11,6.98667
embedding,12,7.264
embedding,13,7.648
embedding,14,7.86067
embedding,15,8.096
embedding,16,8.21333
embedding,20,3.69133
embedding,24,3.584
embedding,28,3.808
embedding,32,3.68
embedding,36,3.85067
embedding,40,3.786
embedding,44,3.946
embedding,48,3.85067
embedding,52,4.05333
embedding,56,3.957
embedding,60,4.14933
embedding,64,3.98967
embedding,80,4.18167
embedding,96,4.27733
embedding,112,4.34133
embedding,128,4.42667
embedding,144,4.77833
embedding,160,4.89567
embedding,176,5.03433
embedding,192,5.04533
embedding,208,5.205
embedding,224,5.237
embedding,240,5.48267
embedding,256,5.84467
embedding,272,6.06933
embedding,288,6.10133
embedding,304,6.16533
embedding,320,6.34667
embedding,336,6.379
embedding,352,6.41067
embedding,368,6.592
embedding,384,6.53867
embedding,400,6.88
embedding,416,6.912
embedding,432,7.31667
embedding,448,7.904
embedding,464,8.21367
embedding,480,8.51167
embedding,496,8.94933
embedding,512,9.28
embedding,528,9.25867
embedding,544,9.86667
embedding,560,10.315
embedding,576,10.56
embedding,592,11.136
embedding,608,11.1573
embedding,624,11.8183
embedding,640,11.947
embedding,656,12.2777
embedding,672,12.6183
embedding,688,13.0773
embedding,704,13.557
embedding,720,13.6857
embedding,736,13.9523
embedding,752,14.24
embedding,768,14.624
embedding,784,14.88
embedding,800,15.1567
embedding,816,15.5733
embedding,832,15.722
embedding,848,16.1493
embedding,864,16.4907
embedding,880,16.5647
embedding,896,16.9063
embedding,912,17.344
embedding,928,17.6953
embedding,944,17.7383
embedding,960,18.027
embedding,976,18.5277
embedding,992,18.7947
embedding,1008,19.0287
embedding,1024,19.1033
embedding,1040,19.7433
embedding,1056,19.9787
embedding,1072,20.3093
embedding,1088,20.512
embedding,1104,20.4907
embedding,1120,20.9383
embedding,1136,21.216
embedding,1152,21.5147
embedding,1168,21.8347
embedding,1184,21.973
embedding,1200,22.165
embedding,1216,22.7413
embedding,1232,22.9337
embedding,1248,23.008
embedding,1264,23.4027
embedding,1280,23.808
embedding,1296,23.808
embedding,1312,24.2347
embedding,1328,24.4897
embedding,1344,25.141
embedding,1360,25.088
embedding,1376,25.3543
embedding,1392,25.824
embedding,1408,25.9723
embedding,1424,26.4107
embedding,1440,26.5707
embedding,1456,26.8367
embedding,1472,27.253
embedding,1488,27.4233
embedding,1504,27.7113
embedding,1520,28.2237
embedding,1536,28.2237
embedding,1552,28.8423
embedding,1568,28.9173
embedding,1584,29.546
embedding,1600,29.4503
embedding,1616,30.0477
embedding,1632,29.994
embedding,1648,30.5063
embedding,1664,30.5703
embedding,1680,30.9867
embedding,1696,31.445
embedding,1712,31.957
embedding,1728,32.0743
embedding,1744,32.3197
embedding,1760,32.7247
embedding,1776,32.9483
embedding,1792,33.269
embedding,1808,33.7387
embedding,1824,33.685
embedding,1840,34.1113
embedding,1856,34.197
embedding,1872,34.624
embedding,1888,34.9757
embedding,1904,35.3277
embedding,1920,35.765
embedding,1936,36.0103
embedding,1952,36.3093
embedding,1968,36.821
embedding,1984,36.9913
embedding,2000,37.119
embedding,2016,40.1697
embedding,2032,37.8343
embedding,2048,38.2397
final_layernorm,1,3.744
final_layernorm,2,3.712
final_layernorm,3,3.73333
final_layernorm,4,3.73367
final_layernorm,5,3.712
final_layernorm,6,3.76533
final_layernorm,7,3.787
final_layernorm,8,3.776
final_layernorm,9,3.80767
final_layernorm,10,3.808
final_layernorm,11,3.829
final_layernorm,12,3.81867
final_layernorm,13,3.83967
final_layernorm,14,3.85067
final_layernorm,15,3.85067
final_layernorm,16,3.936
final_layernorm,20,3.53067
final_layernorm,24,3.60533
final_layernorm,28,4.01033
final_layernorm,32,4.032
final_layernorm,36,4.13867
final_layernorm,40,4.288
final_layernorm,44,4.384
final_layernorm,48,5.00267
final_layernorm,52,5.163
final_layernorm,56,4.512
final_layernorm,60,4.576
final_layernorm,64,4.84267
final_layernorm,80,5.42967
final_layernorm,96,6.549
final_layernorm,112,6.66633
final_layernorm,128,6.95467
final_layernorm,144,8.13867
final_layernorm,160,7.83967
final_layernorm,176,9.18367
final_layernorm,192,9.813
final_layernorm,208,10.3143
final_layernorm,224,11.1783
final_layernorm,240,13.0877
final_layernorm,256,12.7677
final_layernorm,272,14.4103
final_layernorm,288,14.976
final_layernorm,304,17.056
final_layernorm,320,18.656
final_layernorm,336,20.0427
final_layernorm,352,21.8453
final_layernorm,368,22.9757
final_layernorm,384,24.885
final_layernorm,400,26.901
final_layernorm,416,28.245
final_layernorm,432,30.2507
final_layernorm,448,31.52
final_layernorm,464,33.088
final_layernorm,480,34.7517
final_layernorm,496,36.1067
final_layernorm,512,39.221
final_layernorm,528,41.8337
final_layernorm,544,43.082
final_layernorm,560,43.936
final_layernorm,576,44.7463
final_layernorm,592,45.248
final_layernorm,608,46.069
final_layernorm,624,47.7547
final_layernorm,640,48.8527
final_layernorm,656,49.3437
final_layernorm,672,50.357
final_layernorm,688,51.9033
final_layernorm,704,52.7567
final_layernorm,720,53.9723
final_layernorm,736,55.392
final_layernorm,752,56.959
final_layernorm,768,58.7727
final_layernorm,784,58.858
final_layernorm,800,58.2183
final_layernorm,816,62.037
final_layernorm,832,62.9753
final_layernorm,848,64.0737
final_layernorm,864,66.613
final_layernorm,880,67.4343
final_layernorm,896,68.9913
final_layernorm,912,70.1437
final_layernorm,928,71.242
final_layernorm,944,72.5857
final_layernorm,960,73.3433
final_layernorm,976,74.389
final_layernorm,992,76.0527
final_layernorm,1008,77.6527
final_layernorm,1024,78.794
final_layernorm,1040,77.066
final_layernorm,1056,80.49
final_layernorm,1072,81.5143
final_layernorm,1088,83.3483
final_layernorm,1104,84.1377
final_layernorm,1120,86.005
final_layernorm,1136,86.741
final_layernorm,1152,87.9883
final_layernorm,1168,87.9567
final_layernorm,1184,90.495
final_layernorm,1200,91.0177
final_layernorm,1216,93.2473
final_layernorm,1232,95.1353
final_layernorm,1248,95.775
final_layernorm,1264,97.375
final_layernorm,1280,98.911
final_layernorm,1296,99.839
final_layernorm,1312,101.706
final_layernorm,1328,102.997
final_layernorm,1344,104.34
final_layernorm,1360,105.236
final_layernorm,1376,106.485
final_layernorm,1392,107.423
final_layernorm,1408,108.362
final_layernorm,1424,110.325
final_layernorm,1440,111.114
final_layernorm,1456,112.98
final_layernorm,1472,113.919
final_layernorm,1488,114.986
final_layernorm,1504,116.5
final_layernorm,1520,117.385
final_layernorm,1536,119.028
final_layernorm,1552,115.092
final_layernorm,1568,117.14
final_layernorm,1584,117.919
final_layernorm,1600,119.487
final_layernorm,1616,120.895
final_layernorm,1632,121.801
final_layernorm,1648,123.305
final_layernorm,1664,124.607
final_layernorm,1680,129.94
final_layernorm,1696,130.783
final_layernorm,1712,131.465
final_layernorm,1728,133.321
final_layernorm,1744,134.559
final_layernorm,1760,135.881
final_layernorm,1776,137.044
final_layernorm,1792,138.537
final_layernorm,1808,138.772
final_layernorm,1824,139.657
final_layernorm,1840,141.833
final_layernorm,1856,143.326
final_layernorm,1872,144.062
final_layernorm,1888,146.356
final_layernorm,1904,147.038
final_layernorm,1920,148.436
final_layernorm,1936,149.182
final_layernorm,1952,150.249
final_layernorm,1968,151.561
final_layernorm,1984,152.724
final_layernorm,2000,153.78
final_layernorm,2016,166.046
final_layernorm,2032,156.67
final_layernorm,2048,157.961
gate_up_proj,1,1018.16
gate_up_proj,2,931.362
gate_up_proj,3,931.596
gate_up_proj,4,932.481
gate_up_proj,5,933.845
gate_up_proj,6,934.134
gate_up_proj,7,935.001
gate_up_proj,8,936.029
gate_up_proj,9,936.364
gate_up_proj,10,936.898
gate_up_proj,11,937.591
gate_up_proj,12,938.519
gate_up_proj,13,940.461
gate_up_proj,14,939.351
gate_up_proj,15,940.566
gate_up_proj,16,941.11
gate_up_proj,20,969.75
gate_up_proj,24,971.354
gate_up_proj,28,971.295
gate_up_proj,32,986.017
gate_up_proj,36,989.174
gate_up_proj,40,991.147
gate_up_proj,44,992.129
gate_up_proj,48,992.8
gate_up_proj,52,995.436
gate_up_proj,56,997.431
gate_up_proj,60,995.511
gate_up_proj,64,998.209
gate_up_proj,80,1011.86
gate_up_proj,96,1013.25
gate_up_proj,112,1020.63
gate_up_proj,128,1025.87
gate_up_proj,144,1278.99
gate_up_proj,160,1282.39
gate_up_proj,176,1281.22
gate_up_proj,192,1445.36
gate_up_proj,208,1453.38
gate_up_proj,224,1455.11
gate_up_proj,240,1489.16
gate_up_proj,256,1530.48
gate_up_proj,272,1637.94
gate_up_proj,288,1644.62
gate_up_proj,304,1648.07
gate_up_proj,320,1663.49
gate_up_proj,336,1659.68
gate_up_proj,352,1667.56
gate_up_proj,368,1680.07
gate_up_proj,384,1686.32
gate_up_proj,400,2064.35
gate_up_proj,416,2055.71
gate_up_proj,432,2061.37
gate_up_proj,448,2072.87
gate_up_proj,464,2079.03
gate_up_proj,480,2091.66
gate_up_proj,496,2096.47
gate_up_proj,512,2101.79
gate_up_proj,528,2472.55
gate_up_proj,544,2483.88
gate_up_proj,560,2488.37
gate_up_proj,576,2494.48
gate_up_proj,592,2498.44
gate_up_proj,608,2503.88
gate_up_proj,624,2524.62
gate_up_proj,640,2522.71
gate_up_proj,656,3074.95
gate_up_proj,672,3084.2
gate_up_proj,688,3093.06
gate_up_proj,704,3100.23
gate_up_proj,720,3115.83
gate_up_proj,736,3129.51
gate_up_proj,752,3129.84
gate_up_proj,768,3128.55
gate_up_proj,784,3502.53
gate_up_proj,800,3488.92
gate_up_proj,816,3518.35
gate_up_proj,832,3517.23
gate_up_proj,848,3521.48
gate_up_proj,864,3528.83
gate_up_proj,880,3532.86
gate_up_proj,896,3536.09
gate_up_proj,912,4139.9
gate_up_proj,928,4130.56
gate_up_proj,944,4139.9
gate_up_proj,960,4130.11
gate_up_proj,976,4143.84
gate_up_proj,992,4152.63
gate_up_proj,1008,4155.51
gate_up_proj,1024,4165.68
gate_up_proj,1040,4545.65
gate_up_proj,1056,4610.89
gate_up_proj,1072,4579.89
gate_up_proj,1088,4625.55
gate_up_proj,1104,4612.25
gate_up_proj,1120,4631.43
gate_up_proj,1136,4622.45
gate_up_proj,1152,4591.88
gate_up_proj,1168,4983.51
gate_up_proj,1184,5033.04
gate_up_proj,1200,5057.99
gate_up_proj,1216,5081.9
gate_up_proj,1232,5040.17
gate_up_proj,1248,5078.19
gate_up_proj,1264,5123.56
gate_up_proj,1280,5108.84
gate_up_proj,1296,5562.1
gate_up_proj,1312,5563.11
gate_up_proj,1328,5632.1
gate_up_proj,1344,5692.06
gate_up_proj,1360,5551.88
gate_up_proj,1376,5536.85
gate_up_proj,1392,5673.82
gate_up_proj,1408,5659.47
gate_up_proj,1424,6155.67
gate_up_proj,1440,6001.07
gate_up_proj,1456,5978.19
gate_up_proj,1472,6146.31
gate_up_proj,1488,5994.73
gate_up_proj,1504,6123.81
gate_up_proj,1520,5985.51
gate_up_proj,1536,6024.68
gate_up_proj,1552,6443.99
gate_up_proj,1568,6545.46
gate_up_proj,1584,6600.83
gate_up_proj,1600,6488.87
gate_up_proj,1616,6422.44
gate_up_proj,1632,6525.93
gate_up_proj,1648,6614.51
gate_up_proj,1664,6446.7
gate_up_proj,1680,7090.87
gate_up_proj,1696,7156.33
gate_up_proj,1712,7065.93
gate_up_proj,1728,7204.07
gate_up_proj,1744,7243.81
gate_up_proj,1760,7252.69
gate_up_proj,1776,7184.94
gate_up_proj,1792,7208.15
gate_up_proj,1808,7671.32
gate_up_proj,1824,7667.33
gate_up_proj,1840,7643.33
gate_up_proj,1856,7700.04
gate_up_proj,1872,7711.1
gate_up_proj,1888,7657.38
gate_up_proj,1904,7715.5
gate_up_proj,1920,7697.52
gate_up_proj,1936,8373.72
gate_up_proj,1952,8327.07
gate_up_proj,1968,8385.87
gate_up_proj,1984,8265.75
gate_up_proj,2000,8448.71
gate_up_proj,2016,8093.93
gate_up_proj,2032,8362.4
gate_up_proj,2048,8268.45
layernorm,1,3.15167
layernorm,2,3.24267
layernorm,3,3.21583
layernorm,4,3.216
layernorm,5,3.21067
layernorm,6,3.21067
layernorm,7,3.23717
layernorm,8,3.25883
layernorm,9,3.25317
layernorm,10,3.24783
layernorm,11,3.26933
layernorm,12,3.27417
layernorm,13,3.27467
layernorm,14,3.248
layernorm,15,3.3065
layernorm,16,3.30667
layernorm,20,3.31717
layernorm,24,3.3385
layernorm,28,3.39733
layernorm,32,3.46133
layernorm,36,3.392
layernorm,40,3.456
layernorm,44,3.53033
layernorm,48,3.6215
layernorm,52,3.6855
layernorm,56,3.77067
layernorm,60,3.92533
layernorm,64,3.98917
layernorm,80,4.288
layernorm,96,5.13067
layernorm,112,5.25333
layernorm,128,5.44533
layernorm,144,5.62133
layernorm,160,5.83483
layernorm,176,6.9705
layernorm,192,7.605
layernorm,208,8.128
layernorm,224,8.76783
layernorm,240,9.072
layernorm,256,9.28
layernorm,272,10.3307
layernorm,288,10.7998
layernorm,304,11.8133
layernorm,320,12.7573
layernorm,336,13.7598
layernorm,352,14.944
layernorm,368,15.797
layernorm,384,17.0132
layernorm,400,18.0157
layernorm,416,18.7092
layernorm,432,19.8932
layernorm,448,20.8427
layernorm,464,21.925
layernorm,480,23.0503
layernorm,496,24.016
layernorm,512,26.8103
layernorm,528,28.08
layernorm,544,28.7408
layernorm,560,29.5143
layernorm,576,30.197
layernorm,592,30.8263
layernorm,608,31.797
layernorm,624,32.613
layernorm,640,33.6208
layernorm,656,35.3383
layernorm,672,36.5703
layernorm,688,37.541
layernorm,704,38.8692
layernorm,720,39.8715
layernorm,736,40.6665
layernorm,752,42.1223
layernorm,768,43.1303
layernorm,784,44.037
layernorm,800,44.9437
layernorm,816,46.2023
layernorm,832,47.2157
layernorm,848,48.3675
layernorm,864,49.9355
layernorm,880,50.9757
layernorm,896,52.026
layernorm,912,53.5142
layernorm,928,54.5648
layernorm,944,56.1277
layernorm,960,57.0608
layernorm,976,58.2928
layernorm,992,59.514
layernorm,1008,60.9543
layernorm,1024,61.7008
layernorm,1040,60.8633
layernorm,1056,62.5757
layernorm,1072,63.1568
layernorm,1088,64.3888
layernorm,1104,64.9325
layernorm,1120,65.9938
layernorm,1136,66.8153
layernorm,1152,66.7832
layernorm,1168,69.7808
layernorm,1184,70.917
layernorm,1200,72.2233
layernorm,1216,73.594
layernorm,1232,73.978
layernorm,1248,75.1092
layernorm,1264,75.9405
layernorm,1280,77.3433
layernorm,1296,77.29
layernorm,1312,78.4685
layernorm,1328,79.429
layernorm,1344,81.0927
layernorm,1360,82.138
layernorm,1376,83.2153
layernorm,1392,84.1328
layernorm,1408,85.1143
layernorm,1424,87.1622
layernorm,1440,87.823
layernorm,1456,88.6287
layernorm,1472,89.9725
layernorm,1488,91.2795
layernorm,1504,92.255
layernorm,1520,93.4607
layernorm,1536,94.4363
layernorm,1552,92.938
layernorm,1568,93.919
layernorm,1584,94.8792
layernorm,1600,95.4498
layernorm,1616,96.6763
layernorm,1632,97.5565
layernorm,1648,98.863
layernorm,1664,99.727
layernorm,1680,102.223
layernorm,1696,102.729
layernorm,1712,103.796
layernorm,1728,105.444
layernorm,1744,105.561
layernorm,1760,107.215
layernorm,1776,107.678
layernorm,1792,109.492
layernorm,1808,111.369
layernorm,1824,112.521
layernorm,1840,113.422
layernorm,1856,114.553
layernorm,1872,114.782
layernorm,1888,116.511
layernorm,1904,117.268
layernorm,1920,119.022
layernorm,1936,119.866
layernorm,1952,121.321
layernorm,1968,122.18
layernorm,1984,123.385
layernorm,2000,124.735
layernorm,2016,132.836
layernorm,2032,126.692
layernorm,2048,127.39
o_proj,1,159.401
o_proj,2,159.123
o_proj,3,158.932
o_proj,4,158.771
o_proj,5,158.942
o_proj,6,159.902
o_proj,7,159.22
o_proj,8,159.733
o_proj,9,159.283
o_proj,10,159.572
o_proj,11,160.094
o_proj,12,160.095
o_proj,13,160.009
o_proj,14,160.009
o_proj,15,160.191
o_proj,16,160.649
o_proj,20,161.299
o_proj,24,162.101
o_proj,28,162.355
o_proj,32,162.58
o_proj,36,176.041
o_proj,40,177.843
o_proj,44,178.068
o_proj,48,177.811
o_proj,52,179.658
o_proj,56,179.731
o_proj,60,170.569
o_proj,64,164.436
o_proj,80,183.711
o_proj,96,176.009
o_proj,112,175.977
o_proj,128,177.343
o_proj,144,244.254
o_proj,160,246.334
o_proj,176,202.601
o_proj,192,198.409
o_proj,208,248.264
o_proj,224,252.093
o_proj,240,250.706
o_proj,256,248.456
o_proj,272,320.413
o_proj,288,321.266
o_proj,304,321.597
o_proj,320,325.085
o_proj,336,321.522
o_proj,352,313.693
o_proj,368,317.074
o_proj,384,317.81
o_proj,400,317.874
o_proj,416,317.33
o_proj,432,317.234
o_proj,448,319.368
o_proj,464,319.581
o_proj,480,320.434
o_proj,496,321.01
o_proj,512,322.312
o_proj,528,499.068
o_proj,544,500.614
o_proj,560,501.264
o_proj,576,502.651
o_proj,592,503.643
o_proj,608,502.512
o_proj,624,505.649
o_proj,640,506.897
o_proj,656,503.462
o_proj,672,503.441
o_proj,688,508.252
o_proj,704,505.755
o_proj,720,507.888
o_proj,736,509.222
o_proj,752,509.244
o_proj,768,509.702
o_proj,784,643.314
o_proj,800,638.149
o_proj,816,646.555
o_proj,832,642.97
o_proj,848,642.597
o_proj,864,640.026
o_proj,880,640.261
o_proj,896,645.306
o_proj,912,652.839
o_proj,928,646.31
o_proj,944,651.312
o_proj,960,647.333
o_proj,976,648.656
o_proj,992,646.64
o_proj,1008,649.402
o_proj,1024,646.554
o_proj,1040,838.307
o_proj,1056,849.529
o_proj,1072,849.774
o_proj,1088,854.457
o_proj,1104,854.254
o_proj,1120,848.685
o_proj,1136,846.062
o_proj,1152,968.685
o_proj,1168,852.942
o_proj,1184,854.893
o_proj,1200,848.088
o_proj,1216,872.441
o_proj,1232,862.478
o_proj,1248,852.44
o_proj,1264,885.604
o_proj,1280,869.422
o_proj,1296,964.259
o_proj,1312,966.477
o_proj,1328,982.189
o_proj,1344,990.053
o_proj,1360,965.709
o_proj,1376,962.765
o_proj,1392,982.264
o_proj,1408,977.976
o_proj,1424,1001.23
o_proj,1440,979.192
o_proj,1456,971.724
o_proj,1472,1006.65
o_proj,1488,977.709
o_proj,1504,994.135
o_proj,1520,971.629
o_proj,1536,976.599
o_proj,1552,1303.94
o_proj,1568,1310.59
o_proj,1584,1334.19
o_proj,1600,1297.97
o_proj,1616,1293.98
o_proj,1632,1318.17
o_proj,1648,1324.48
o_proj,1664,1289.92
o_proj,1680,1320.41
o_proj,1696,1334.74
o_proj,1712,1312
o_proj,1728,1333.14
o_proj,1744,1333.87
o_proj,1760,1343.18
o_proj,1776,1329.31
o_proj,1792,1339.85
o_proj,1808,1341.75
o_proj,1824,1333.05
o_proj,1840,1332.41
o_proj,1856,1344.39
o_proj,1872,1344.58
o_proj,1888,1339.17
o_proj,1904,1345.8
o_proj,1920,1350.72
o_proj,1936,1333.99
o_proj,1952,1345.03
o_proj,1968,1356.9
o_proj,1984,1335.14
o_proj,2000,1364.23
o_proj,2016,1295.54
o_proj,2032,1348.18
o_proj,2048,1339.91
qk_norm,1,2.768
qk_norm,2,2.84267
qk_norm,3,2.8535
qk_norm,4,2.90667
qk_norm,5,2.93317
qk_norm,6,2.94933
qk_norm,7,2.9975
qk_norm,8,3.06667
qk_norm,9,3.07733
qk_norm,10,3.09867
qk_norm,11,3.13583
qk_norm,12,3.17883
qk_norm,13,3.19467
qk_norm,14,3.22683
qk_norm,15,3.2695
qk_norm,16,3.21067
qk_norm,20,3.12017
qk_norm,24,3.47183
qk_norm,28,3.55717
qk_norm,32,3.92
qk_norm,36,4.01617
qk_norm,40,4.13333
qk_norm,44,4.3945
qk_norm,48,4.55467
qk_norm,52,4.64533
qk_norm,56,4.75183
qk_norm,60,4.80517
qk_norm,64,4.976
qk_norm,80,5.509
qk_norm,96,6.04267
qk_norm,112,6.5705
qk_norm,128,7.05567
qk_norm,144,8.13317
qk_norm,160,8.784
qk_norm,176,9.72283
qk_norm,192,9.84
qk_norm,208,10.4745
qk_norm,224,11.3705
qk_norm,240,12.0533
qk_norm,256,12.8267
qk_norm,272,13.8078
qk_norm,288,14.3733
qk_norm,304,15.0667
qk_norm,320,15.792
qk_norm,336,16.432
qk_norm,352,17.0718
qk_norm,368,17.8772
qk_norm,384,18.544
qk_norm,400,19.1997
qk_norm,416,19.7172
qk_norm,432,20.5653
qk_norm,448,21.2478
qk_norm,464,21.8985
qk_norm,480,22.6023
qk_norm,496,23.0025
qk_norm,512,23.5623
qk_norm,528,24.4905
qk_norm,544,25.0023
qk_norm,560,25.3115
qk_norm,576,25.9945
qk_norm,592,26.6613
qk_norm,608,27.2958
qk_norm,624,28.053
qk_norm,640,28.5815
qk_norm,656,29.6265
qk_norm,672,30.4052
qk_norm,688,31.2743
qk_norm,704,31.749
qk_norm,720,32.245
qk_norm,736,32.9598
qk_norm,752,33.7807
qk_norm,768,34.4103
qk_norm,784,34.5705
qk_norm,800,34.9278
qk_norm,816,36.005
qk_norm,832,36.6503
qk_norm,848,37.2477
qk_norm,864,37.6423
qk_norm,880,38.2715
qk_norm,896,39.2848
qk_norm,912,40.4263
qk_norm,928,40.549
qk_norm,944,41.6048
qk_norm,960,41.9787
qk_norm,976,42.7353
qk_norm,992,43.0612
qk_norm,1008,43.85
qk_norm,1024,44.6128
qk_norm,1040,44.9755
qk_norm,1056,45.8928
qk_norm,1072,46.6502
qk_norm,1088,47.3648
qk_norm,1104,47.221
qk_norm,1120,47.9677
qk_norm,1136,48.3622
qk_norm,1152,49.6793
qk_norm,1168,50.517
qk_norm,1184,51.3705
qk_norm,1200,51.2422
qk_norm,1216,53.7117
qk_norm,1232,53.7543
qk_norm,1248,53.6422
qk_norm,1264,55.0612
qk_norm,1280,55.5568
qk_norm,1296,55.1088
qk_norm,1312,55.9515
qk_norm,1328,57.4555
qk_norm,1344,58.5757
qk_norm,1360,57.8875
qk_norm,1376,58.1435
qk_norm,1392,60.1277
qk_norm,1408,60.218
qk_norm,1424,62.3463
qk_norm,1440,61.6315
qk_norm,1456,62.2075
qk_norm,1472,64.7673
qk_norm,1488,63.5565
qk_norm,1504,64.3462
qk_norm,1520,64.5807
qk_norm,1536,65.6418
qk_norm,1552,66.3835
qk_norm,1568,66.6127
qk_norm,1584,69.1672
qk_norm,1600,67.8872
qk_norm,1616,68.4742
qk_norm,1632,70.282
qk_norm,1648,69.8178
qk_norm,1664,70.2502
qk_norm,1680,72.554
qk_norm,1696,73.9192
qk_norm,1712,73.4657
qk_norm,1728,75.0658
qk_norm,1744,74.5485
qk_norm,1760,74.9482
qk_norm,1776,76.9005
qk_norm,1792,78.026
qk_norm,1808,78.5805
qk_norm,1824,78.815
qk_norm,1840,79.4763
qk_norm,1856,80.751
qk_norm,1872,81.5512
qk_norm,1888,81.6793
qk_norm,1904,82.7458
qk_norm,1920,83.791
qk_norm,1936,82.9588
qk_norm,1952,85.007
qk_norm,1968,84.6762
qk_norm,1984,85.7377
qk_norm,2000,85.9403
qk_norm,2016,85.6097
qk_norm,2032,88.5108
qk_norm,2048,88.6815
qkv_proj,1,191.71
qkv_proj,2,194.313
qkv_proj,3,194.035
qkv_proj,4,194.356
qkv_proj,5,194.547
qkv_proj,6,194.686
qkv_proj,7,195.049
qkv_proj,8,194.741
qkv_proj,9,194.761
qkv_proj,10,195.102
qkv_proj,11,195.305
qkv_proj,12,195.188
qkv_proj,13,195.731
qkv_proj,14,195.795
qkv_proj,15,194.878
qkv_proj,16,195.337
qkv_proj,20,205.715
qkv_proj,24,205.738
qkv_proj,28,206.633
qkv_proj,32,202.302
qkv_proj,36,202.43
qkv_proj,40,203.283
qkv_proj,44,203.614
qkv_proj,48,204.296
qkv_proj,52,203.924
qkv_proj,56,203.955
qkv_proj,60,204.489
qkv_proj,64,203.316
qkv_proj,80,218.003
qkv_proj,96,219.657
qkv_proj,112,219.679
qkv_proj,128,221.267
qkv_proj,144,276.606
qkv_proj,160,278.461
qkv_proj,176,278.706
qkv_proj,192,221.769
qkv_proj,208,221.609
qkv_proj,224,223.07
qkv_proj,240,222.547
qkv_proj,256,223.817
qkv_proj,272,401.372
qkv_proj,288,402.855
qkv_proj,304,404.284
qkv_proj,320,407.889
qkv_proj,336,404.753
qkv_proj,352,405.799
qkv_proj,368,409.98
qkv_proj,384,410.14
qkv_proj,400,411.046
qkv_proj,416,406.919
qkv_proj,432,408.092
qkv_proj,448,412.124
qkv_proj,464,412.913
qkv_proj,480,412.626
qkv_proj,496,412.167
qkv_proj,512,413.073
qkv_proj,528,547.152
qkv_proj,544,548.049
qkv_proj,560,608.922
qkv_proj,576,610.298
qkv_proj,592,610.789
qkv_proj,608,609.701
qkv_proj,624,613.541
qkv_proj,640,614.982
qkv_proj,656,615.301
qkv_proj,672,613.999
qkv_proj,688,618.949
qkv_proj,704,616.389
qkv_proj,720,620.389
qkv_proj,736,618.48
qkv_proj,752,619.045
qkv_proj,768,619.909
qkv_proj,784,819.218
qkv_proj,800,810.98
qkv_proj,816,821.743
qkv_proj,832,815.886
qkv_proj,848,818.339
qkv_proj,864,813.56
qkv_proj,880,814.436
qkv_proj,896,820.984
qkv_proj,912,829.36
qkv_proj,928,819.15
qkv_proj,944,828.014
qkv_proj,960,822.574
qkv_proj,976,825.209
qkv_proj,992,822.894
qkv_proj,1008,827
qkv_proj,1024,824.291
qkv_proj,1040,1026.76
qkv_proj,1056,1034.57
qkv_proj,1072,1037.09
qkv_proj,1088,1042.23
qkv_proj,1104,1025.63
qkv_proj,1120,1030.46
qkv_proj,1136,1027.71
qkv_proj,1152,1034.58
qkv_proj,1168,1032.89
qkv_proj,1184,1034.06
qkv_proj,1200,1025.74
qkv_proj,1216,1054.63
qkv_proj,1232,1043.98
qkv_proj,1248,1032.47
qkv_proj,1264,1050.16
qkv_proj,1280,1052.36
qkv_proj,1296,1227.47
qkv_proj,1312,1230.89
qkv_proj,1328,1237.59
qkv_proj,1344,1258.78
qkv_proj,1360,1232.79
qkv_proj,1376,1226.94
qkv_proj,1392,1249.78
qkv_proj,1408,1239.99
qkv_proj,1424,1263.21
qkv_proj,1440,1242.96
qkv_proj,1456,1236.24
qkv_proj,1472,1269.19
qkv_proj,1488,1244.05
qkv_proj,1504,1251.4
qkv_proj,1520,1236.45
qkv_proj,1536,1244.48
qkv_proj,1552,1450.63
qkv_proj,1568,1445.97
qkv_proj,1584,1484.67
qkv_proj,1600,1445.18
qkv_proj,1616,1444.94
qkv_proj,1632,1469.84
qkv_proj,1648,1453.32
qkv_proj,1664,1441.08
qkv_proj,1680,1472.1
qkv_proj,1696,1487.84
qkv_proj,1712,1460.93
qkv_proj,1728,1484.92
qkv_proj,1744,1455.59
qkv_proj,1760,1457.55
qkv_proj,1776,1481.84
qkv_proj,1792,1488.12
qkv_proj,1808,1700.26
qkv_proj,1824,1665.53
qkv_proj,1840,1683.65
qkv_proj,1856,1691.87
qkv_proj,1872,1694.02
qkv_proj,1888,1699.26
qkv_proj,1904,1692.25
qkv_proj,1920,1714.98
qkv_proj,1936,1676.43
qkv_proj,1952,1709.63
qkv_proj,1968,1674.54
qkv_proj,1984,1696.06
qkv_proj,2000,1684.31
qkv_proj,2016,1648.87
qkv_proj,2032,1714.9
qkv_proj,2048,1702.61
rotary_emb,1,4.8
rotary_emb,2,4.72533
rotary_emb,3,4.69333
rotary_emb,4,4.66133
rotary_emb,5,4.72533
rotary_emb,6,4.74667
rotary_emb,7,4.75733
rotary_emb,8,4.73633
rotary_emb,9,4.736
rotary_emb,10,4.736
rotary_emb,11,4.768
rotary_emb,12,4.74667
rotary_emb,13,4.71467
rotary_emb,14,4.72533
rotary_emb,15,4.74667
rotary_emb,16,4.72567
rotary_emb,20,4.704
rotary_emb,24,4.76833
rotary_emb,28,4.725
rotary_emb,32,4.832
rotary_emb,36,4.78933
rotary_emb,40,4.85333
rotary_emb,44,4.79933
rotary_emb,48,4.789
rotary_emb,52,4.78967
rotary_emb,56,4.78933
rotary_emb,60,4.78933
rotary_emb,64,4.842
rotary_emb,80,5.03467
rotary_emb,96,6.63467
rotary_emb,112,6.773
rotary_emb,128,6.90133
rotary_emb,144,6.78333
rotary_emb,160,6.84833
rotary_emb,176,9.00267
rotary_emb,192,9.46133
rotary_emb,208,10.496
rotary_emb,224,11.8187
rotary_emb,240,13.045
rotary_emb,256,15.1143
rotary_emb,272,17.312
rotary_emb,288,19.0823
rotary_emb,304,21.1947
rotary_emb,320,22.4957
rotary_emb,336,24.32
rotary_emb,352,26.1757
rotary_emb,368,27.413
rotary_emb,384,28.9807
rotary_emb,400,30.0587
rotary_emb,416,31.093
rotary_emb,432,32.2447
rotary_emb,448,33.3113
rotary_emb,464,34.229
rotary_emb,480,35.0717
rotary_emb,496,36.2343
rotary_emb,512,40.0103
rotary_emb,528,40.4903
rotary_emb,544,41.3753
rotary_emb,560,41.8343
rotary_emb,576,42.7623
rotary_emb,592,43.573
rotary_emb,608,44.8203
rotary_emb,624,45.5993
rotary_emb,640,46.3993
rotary_emb,656,47.5943
rotary_emb,672,48.8953
rotary_emb,688,49.6743
rotary_emb,704,51.2
rotary_emb,720,51.8077
rotary_emb,736,53.162
rotary_emb,752,54.197
rotary_emb,768,56.9917
rotary_emb,784,58.261
rotary_emb,800,58.559
rotary_emb,816,59.7967
rotary_emb,832,60.554
rotary_emb,848,61.589
rotary_emb,864,62.5167
rotary_emb,880,63.6257
rotary_emb,896,64.5543
rotary_emb,912,65.568
rotary_emb,928,66.3143
rotary_emb,944,67.5087
rotary_emb,960,68.4047
rotary_emb,976,69.93
rotary_emb,992,70.485
rotary_emb,1008,72.2233
rotary_emb,1024,74.047
rotary_emb,1040,75.466
rotary_emb,1056,76.4473
rotary_emb,1072,77.6317
rotary_emb,1088,78.325
rotary_emb,1104,78.655
rotary_emb,1120,79.733
rotary_emb,1136,80.4687
rotary_emb,1152,82.4423
rotary_emb,1168,82.986
rotary_emb,1184,84.0103
rotary_emb,1200,84.7567
rotary_emb,1216,86.1217
rotary_emb,1232,87.0393
rotary_emb,1248,88.3617
rotary_emb,1264,90.1643
rotary_emb,1280,91.8073
rotary_emb,1296,92.5217
rotary_emb,1312,93.4177
rotary_emb,1328,94.186
rotary_emb,1344,95.5083
rotary_emb,1360,96.149
rotary_emb,1376,96.9697
rotary_emb,1392,98.2183
rotary_emb,1408,99.1777
rotary_emb,1424,100.298
rotary_emb,1440,100.938
rotary_emb,1456,102.069
rotary_emb,1472,103.594
rotary_emb,1488,104.799
rotary_emb,1504,105.94
rotary_emb,1520,107.69
rotary_emb,1536,108.852
rotary_emb,1552,109.866
rotary_emb,1568,110.431
rotary_emb,1584,111.957
rotary_emb,1600,112.17
rotary_emb,1616,113.716
rotary_emb,1632,114.825
rotary_emb,1648,116.063
rotary_emb,1664,116.873
rotary_emb,1680,117.802
rotary_emb,1696,119.625
rotary_emb,1712,119.956
rotary_emb,1728,121.033
rotary_emb,1744,121.919
rotary_emb,1760,123.838
rotary_emb,1776,124.895
rotary_emb,1792,126.655
rotary_emb,1808,127.55
rotary_emb,1824,128.5
rotary_emb,1840,129.886
rotary_emb,1856,130.868
rotary_emb,1872,130.963
rotary_emb,1888,132.457
rotary_emb,1904,133.471
rotary_emb,1920,134.643
rotary_emb,1936,135.7
rotary_emb,1952,136.83
rotary_emb,1968,138.132
rotary_emb,1984,138.548
rotary_emb,2000,139.796
rotary_emb,2016,149.385
rotary_emb,2032,142.761
rotary_emb,2048,143.22
